Name,Score,Numberofscore,Review,Link,Addr,Typename
광고온고을,3.2,5,6,https://place.map.kakao.com/16472635,서울 노원구 동일로 1065,한식
광고소문난기사식당,3.6,7,18,https://place.map.kakao.com/16268498,서울 노원구 동일로192길 30,기사식당
라라브레드 공릉점,3.7,68,364,https://place.map.kakao.com/872257394,서울 노원구 공릉로41길 32,디저트카페
경복식당,4.7,107,131,https://place.map.kakao.com/16414503,서울 노원구 공릉로39길 10,한식
공릉본점닭한마리 본점,3.9,46,76,https://place.map.kakao.com/20553565,서울 노원구 동일로 1020,닭요리
제일콩집,3.5,53,81,https://place.map.kakao.com/8083654,서울 노원구 동일로174길 37-8,두부전문점
에그머니,4.3,38,160,https://place.map.kakao.com/1826529353,서울 노원구 화랑로 421,양식
쪼매매운떡볶이 공릉점,4.5,81,121,https://place.map.kakao.com/16703995,서울 노원구 공릉로 208,떡볶이
소문난멸치국수,3.3,48,84,https://place.map.kakao.com/13305804,서울 노원구 동일로173가길 81,국수
경회루,3.8,14,49,https://place.map.kakao.com/18722630,서울 노원구 동일로 1005 지하1층,한정식
기찻길풍경야채곱창,3.1,27,148,https://place.map.kakao.com/1137642618,서울 노원구 공릉로39길 21 1층,"곱창,막창"
원조이모네연탄불곱창,2.3,42,59,https://place.map.kakao.com/21412672,서울 노원구 동일로192길 46,"곱창,막창"
상상과자점,3.9,28,96,https://place.map.kakao.com/1571140539,서울 노원구 동일로186길 77-7,디저트카페
아소코 공릉점,3.3,29,54,https://place.map.kakao.com/2013086833,서울 노원구 동일로184길 53 1층,일식집
참만나,4.3,8,21,https://place.map.kakao.com/20749857,서울 노원구 화랑로 443 디벨리움 3층,갈비
핏짜굽는언니 공릉점,3.0,33,58,https://place.map.kakao.com/21525800,서울 노원구 동일로198길 58 1층,피자
따미커피,4.7,24,15,https://place.map.kakao.com/818423534,서울 노원구 공릉로 120,커피전문점
던모스,2.7,26,132,https://place.map.kakao.com/1520080778,서울 노원구 공릉로27길 8 1층,카페
카페드미셸,2.5,21,56,https://place.map.kakao.com/990866386,"서울 노원구 화랑로 441 미라쉘 1,2층",카페
바네하임,3.7,18,4,https://place.map.kakao.com/16999919,서울 노원구 공릉로32길 54 고려빌딩 1층,"호프,요리주점"
스타벅스 공릉DT점,3.0,29,44,https://place.map.kakao.com/1826125340,서울 노원구 동일로 1015,커피전문점
멍텅구리즉석떡볶이 공릉점,2.5,18,74,https://place.map.kakao.com/27515257,서울 노원구 공릉로51길 14-2,떡볶이
표준커피,4.5,20,68,https://place.map.kakao.com/153487369,서울 노원구 공릉로 119-5 이지스퀘어 1층,카페
(주)태릉풍천장어,2.2,6,26,https://place.map.kakao.com/1653381358,서울 노원구 화랑로 457,장어
무드쉐어,3.9,29,61,https://place.map.kakao.com/1338966452,서울 노원구 공릉로 119-23 1층 101호,카페
경성초밥,4.6,31,58,https://place.map.kakao.com/1169910256,서울 노원구 공릉로 119-5,일식
동학,4.4,8,36,https://place.map.kakao.com/16329163,서울 노원구 공릉로51길 6 1층,"호프,요리주점"
공릉동도깨비,3.6,15,62,https://place.map.kakao.com/1675562479,서울 노원구 동일로178길 14,이탈리안
플랫커피,3.4,16,56,https://place.map.kakao.com/975733166,서울 노원구 공릉로39길 20 1층,커피전문점
위플랜트위커피,3.4,8,134,https://place.map.kakao.com/206091656,서울 노원구 동일로178길 59-39 2층,커피전문점
화로상회 공릉점,4.6,8,39,https://place.map.kakao.com/1677550004,서울 노원구 공릉로46길 6 현대프라자 1층 111호,"육류,고기"
횡성한우정육백화점,4.4,12,68,https://place.map.kakao.com/20746565,서울 노원구 공릉로 162,"육류,고기"
일상다반,2.8,34,93,https://place.map.kakao.com/27325995,서울 노원구 동일로186길 77-17,일식집
아너카페,4.3,11,40,https://place.map.kakao.com/104777847,서울 노원구 동일로192다길 9,카페
스타벅스 공릉역,3.3,10,18,https://place.map.kakao.com/799469641,서울 노원구 동일로 1081,커피전문점
파브커피,4.0,22,92,https://place.map.kakao.com/394316415,서울 노원구 동일로186길 76 1층,카페
청교옥,4.2,66,8,https://place.map.kakao.com/88388237,서울 노원구 공릉로 225 1층,냉면
오름제주고기 본점,2.8,12,87,https://place.map.kakao.com/903435269,서울 노원구 동일로192길 85,"육류,고기"
오피셜커피,3.8,23,100,https://place.map.kakao.com/82447262,서울 노원구 동일로184길 69-7 1층 101호,카페
국민소곱창 공릉점,4.0,5,74,https://place.map.kakao.com/2140415713,서울 노원구 동일로192길 88 오성빌딩 1층,"곱창,막창"
네코정,3.5,13,37,https://place.map.kakao.com/1422521863,서울 노원구 동일로192길 77 동신아파트 104동 상가 2층,일식
생선까시,3.1,18,19,https://place.map.kakao.com/1674504332,서울 노원구 동일로191가길 22 1층,한식
본참치 태릉직영점,0.0,0,29,https://place.map.kakao.com/181738557,서울 노원구 동일로174길 7 1층,참치회
르번미 태릉점,3.3,13,49,https://place.map.kakao.com/1010932244,서울 노원구 동일로 986 프레미어스엠코 102동 128호,베트남음식
공릉회수산,3.8,6,8,https://place.map.kakao.com/16906339,서울 노원구 공릉로 179,회
에슬로우커피 공릉점,4.4,8,13,https://place.map.kakao.com/27229512,서울 노원구 노원로 3 우토파크프라자 1층,커피전문점
브레드스팟,4.1,23,39,https://place.map.kakao.com/27478521,서울 노원구 공릉로 111-1,"제과,베이커리"
산들바다,2.2,6,15,https://place.map.kakao.com/1232150620,서울 노원구 화랑로 443 디벨리움 2층,한정식
테르미니,3.6,14,4,https://place.map.kakao.com/26025273,서울 노원구 화랑로53길 12,양식
페페그라노,3.9,23,71,https://place.map.kakao.com/2026803402,서울 노원구 공릉로32길 5 1층,이탈리안
청학골,2.1,18,15,https://place.map.kakao.com/8580028,서울 노원구 동일로192길 6,갈비
스시쟁이,3.1,13,45,https://place.map.kakao.com/21766457,서울 노원구 공릉로 197,"초밥,롤"
버거킹 공릉역점,2.6,19,13,https://place.map.kakao.com/630873835,서울 노원구 동일로 1085,패스트푸드
루이스버거 공릉점,2.2,21,75,https://place.map.kakao.com/1753610905,서울 노원구 동일로192길 74 우은빌딩,햄버거
태릉양꼬치양갈비,4.1,8,16,https://place.map.kakao.com/1016347969,서울 노원구 공릉로 110 1층,양꼬치
미라쥬양과점,5.0,10,34,https://place.map.kakao.com/1840820291,서울 노원구 동일로196길 15 1층,디저트카페
로지다이닝키친,4.3,15,39,https://place.map.kakao.com/395667039,서울 노원구 공릉로43길 18 1층,일식
탐라도회,3.4,8,14,https://place.map.kakao.com/21328692,서울 노원구 동일로 1101 2층,회
맥도날드 과학기술대점,1.5,17,15,https://place.map.kakao.com/26518032,서울 노원구 공릉로 231,패스트푸드
아이엠돈까스,4.3,13,28,https://place.map.kakao.com/27404804,서울 노원구 동일로198길 60,"돈까스,우동"
오누이,4.6,18,46,https://place.map.kakao.com/216150274,서울 노원구 동일로187길 12-47 1층,카페
공릉우동집,3.3,18,47,https://place.map.kakao.com/16555583,서울 노원구 동일로192길 42,"돈까스,우동"
알러이,4.9,27,39,https://place.map.kakao.com/1682005121,서울 노원구 공릉로43길 15,아시아음식
마포생고기,3.0,8,17,https://place.map.kakao.com/12991364,서울 노원구 동일로190길 39,"육류,고기"
스타벅스 태릉입구역DT,4.5,6,8,https://place.map.kakao.com/944088477,서울 노원구 화랑로 469,커피전문점
블루마일스커피로스터즈,4.0,19,47,https://place.map.kakao.com/1454424295,서울 노원구 동일로190길 65 2층,디저트카페
대마에스시,4.2,5,40,https://place.map.kakao.com/288510513,서울 노원구 동일로 1093 지층,"초밥,롤"
비스킷플로어,3.8,36,61,https://place.map.kakao.com/1117657731,서울 노원구 동일로180길 61-7,카페
춘보만두,2.9,24,31,https://place.map.kakao.com/16055808,서울 노원구 섬밭로 56,한식
에이치큐브,3.9,35,14,https://place.map.kakao.com/26927344,"서울 노원구 노원로1길 73-12 지하1층,1,2층",카페
잔월,4.4,7,18,https://place.map.kakao.com/22080142,서울 노원구 동일로192길 38 지하1층,일본식주점
기린,3.9,13,1,https://place.map.kakao.com/270488437,서울 노원구 공릉로 209,일본식라면
씬머이,4.0,10,61,https://place.map.kakao.com/1714903264,서울 노원구 동일로173길 15,베트남음식
키노야 공릉점,4.4,7,7,https://place.map.kakao.com/674123744,서울 노원구 공릉로 152 1층,일본식주점
이너모스트,4.8,4,63,https://place.map.kakao.com/1910112179,서울 노원구 동일로183길 12-14 1층,카페
투썸플레이스 노원공릉점,1.6,17,6,https://place.map.kakao.com/27303578,서울 노원구 동일로192길 52,커피전문점
화단과자점,4.5,13,45,https://place.map.kakao.com/1211861869,서울 노원구 동일로178길 59-25 1층 103호,"제과,베이커리"
커피콩,3.6,11,15,https://place.map.kakao.com/18039621,서울 노원구 동일로193길 18,커피전문점
할머니옛날보리쌈밥,4.7,11,9,https://place.map.kakao.com/9643836,서울 노원구 공릉로 133,쌈밥
아티스트웨이,4.4,9,31,https://place.map.kakao.com/547299085,서울 노원구 동일로192다길 55,카페
권할머니능이흑염소,4.5,4,53,https://place.map.kakao.com/8680217,서울 노원구 공릉로41길 8,"사철탕,영양탕"
원조공릉곱창,3.3,3,24,https://place.map.kakao.com/16056887,서울 노원구 동일로 1062,"곱창,막창"
싱싱오징어바다 과기대점,2.6,5,2,https://place.map.kakao.com/16330146,서울 노원구 동일로192길 30,"해물,생선"
마롱카롱,3.5,13,44,https://place.map.kakao.com/1812102583,서울 노원구 공릉로 207 세림빌딩 2층,"제과,베이커리"
백소정 공릉직영본점,3.4,19,39,https://place.map.kakao.com/1514689637,서울 노원구 동일로 1024 1층,"돈까스,우동"
안시성,2.1,16,14,https://place.map.kakao.com/16906789,서울 노원구 화랑로 475,중화요리
하마돈,3.6,21,28,https://place.map.kakao.com/2006598797,서울 노원구 공릉로 153,양식
마이브라더스커피,2.5,2,20,https://place.map.kakao.com/19038710,서울 노원구 공릉로46길 28,커피전문점
프랭크버거,3.5,8,7,https://place.map.kakao.com/86710461,서울 노원구 노원로1길 67 대덕프라자 1층 118호,햄버거
인차이나,3.3,19,11,https://place.map.kakao.com/26861724,서울 노원구 공릉로 167,중화요리
등촌샤브칼국수 공릉점,4.7,18,38,https://place.map.kakao.com/1368613255,서울 노원구 공릉로 179 1층,샤브샤브
7일간의양심,4.0,12,21,https://place.map.kakao.com/118701285,서울 노원구 동일로192길 5,"스테이크,립"
공릉동멸치국수,3.4,8,14,https://place.map.kakao.com/21413715,서울 노원구 동일로173가길 43,국수
공덕관,2.4,13,22,https://place.map.kakao.com/16765207,서울 노원구 동일로192길 38,중화요리
공릉동 원조멸치국수 본점,3.2,6,6,https://place.map.kakao.com/20745752,서울 노원구 동일로195길 16,국수
굴다리 전주콩나물국밥,4.0,9,8,https://place.map.kakao.com/17209056,서울 노원구 동일로198길 32,국밥
스와레,4.0,7,14,https://place.map.kakao.com/14659962,서울 노원구 화랑로51길 20 1층,일식
하노이별 공릉점,2.8,12,23,https://place.map.kakao.com/19010252,서울 노원구 동일로174길 44,동남아음식
싹쓰리솥뚜껑김치삼겹살,3.0,10,24,https://place.map.kakao.com/20747169,서울 노원구 동일로 1020,삼겹살
추운돼지삼겹살 공릉점,3.7,6,10,https://place.map.kakao.com/1563510748,서울 노원구 동일로186길 77-21,삼겹살
라화방마라탕,3.8,5,22,https://place.map.kakao.com/315578128,서울 노원구 공릉로 208,중식
남자서른,2.8,12,21,https://place.map.kakao.com/1917911801,서울 노원구 공릉로37길 23 1층,"호프,요리주점"
아고라커피,3.6,22,63,https://place.map.kakao.com/1825626529,서울 노원구 동일로193길 14 1층,카페
스시락 2호공릉점,4.6,11,6,https://place.map.kakao.com/26838619,서울 노원구 공릉로 146 1층,"초밥,롤"
고씨네 서울여대점,2.7,7,22,https://place.map.kakao.com/2093975828,서울 노원구 화랑로51나길 8 203호,일식
태능고향풍천장어,3.3,4,5,https://place.map.kakao.com/16735673,서울 노원구 공릉로 101,장어
BHC치킨 태릉입구점,1.9,13,8,https://place.map.kakao.com/26580341,서울 노원구 공릉로 109 1층,치킨
만두장성,3.9,10,36,https://place.map.kakao.com/1339676000,서울 노원구 동일로180길 32 도깨비시장 나-20호,분식
우아즈,4.1,14,47,https://place.map.kakao.com/1275682622,서울 노원구 공릉로27길 72-3,테마카페
석천숯불갈비,3.6,8,12,https://place.map.kakao.com/20748983,서울 노원구 동일로 1001,갈비
우리할매떡볶이 공릉시장점,4.2,6,24,https://place.map.kakao.com/1940208491,서울 노원구 동일로180길 59 1층 02호,떡볶이
참치세상,4.4,5,28,https://place.map.kakao.com/24064837,서울 노원구 공릉로 204,참치회
꽃중년푸줏간,2.6,5,16,https://place.map.kakao.com/25085271,서울 노원구 동일로 1057,"육류,고기"
루맨틱,4.4,5,42,https://place.map.kakao.com/33565585,서울 노원구 공릉로 104,"호프,요리주점"
유정집 공릉점,2.0,1,2,https://place.map.kakao.com/16875802,서울 노원구 동일로173가길 65,"육류,고기"
사잇길,4.8,4,23,https://place.map.kakao.com/490038053,서울 노원구 공릉로34길 109,술집
청계천8가삼성곱창,3.9,9,15,https://place.map.kakao.com/23107625,서울 노원구 공릉로38길 9,"곱창,막창"
모두치킨,5.0,1,113,https://place.map.kakao.com/1127490386,서울 노원구 동일로191길 7 1층,치킨
소라분식 태릉본점,1.8,6,7,https://place.map.kakao.com/401975918,서울 노원구 화랑로51길 81 1층,분식
로지스시 공릉점,3.9,20,14,https://place.map.kakao.com/27473705,서울 노원구 동일로192길 87,일식
카페 오제트,4.1,12,51,https://place.map.kakao.com/1483345844,서울 노원구 공릉로51길 14-2 2층,카페
소문난기사식당,3.6,7,18,https://place.map.kakao.com/16268498,서울 노원구 동일로192길 30,기사식당
춘천닭갈비 서울과기대점,4.8,8,13,https://place.map.kakao.com/16936111,서울 노원구 동일로192길 56,닭요리
더맛나곱창,4.6,9,9,https://place.map.kakao.com/26948094,서울 노원구 동일로198길 36 1층,"곱창,막창"
기가차다회집,4.0,4,8,https://place.map.kakao.com/1781898287,서울 노원구 동일로190길 65 우화빌딩 1층,회
스타쿠빙,4.7,7,6,https://place.map.kakao.com/1857538688,서울 노원구 동일로 1019,카페
마실자리 공릉철길점,3.1,7,11,https://place.map.kakao.com/544334420,서울 노원구 공릉로39길 28 1층,"호프,요리주점"
유니온커피로스터,3.5,14,12,https://place.map.kakao.com/26555618,서울 노원구 동일로198길 72 1층,커피전문점
쇠뿔정육식당 공릉점,4.2,5,13,https://place.map.kakao.com/17909124,서울 노원구 공릉로20가길 1,"육류,고기"
시작이밤이다,4.3,6,24,https://place.map.kakao.com/400355799,서울 노원구 동일로190길 33 현대빌라 101호,"호프,요리주점"
오봉족발 본점,5.0,1,2,https://place.map.kakao.com/215280197,서울 노원구 공릉로32길 4 1층,"족발,보쌈"
코타브레드,3.8,11,37,https://place.map.kakao.com/1344660940,서울 노원구 공릉로 165 1층,"제과,베이커리"
지금보고싶다 공릉점,5.0,2,26,https://place.map.kakao.com/1319008981,서울 노원구 동일로192길 63 2층,"호프,요리주점"
엘밭,4.2,6,36,https://place.map.kakao.com/933986337,서울 노원구 섬밭로 16 201호,"제과,베이커리"
뽕신 공릉동점,4.0,8,18,https://place.map.kakao.com/17247659,서울 노원구 동일로 1078,중화요리
이박사왕돈까스,3.4,11,15,https://place.map.kakao.com/16498930,서울 노원구 동일로173가길 127,"돈까스,우동"
온고을,3.2,5,6,https://place.map.kakao.com/16472635,서울 노원구 동일로 1065,한식
원조강영숙봉평메밀촌 본점,4.6,15,16,https://place.map.kakao.com/17223169,서울 노원구 공릉로 191-6,국수
명륜진사갈비 서울공릉점,2.6,16,15,https://place.map.kakao.com/2015181783,서울 노원구 동일로 1106 2층,갈비
광성반점,3.4,8,17,https://place.map.kakao.com/15377755,서울 노원구 동일로173가길 5,중화요리
서봉포차,5.0,1,3,https://place.map.kakao.com/25548212,서울 노원구 동일로192길 58,실내포장마차
오늘손칼국수앤찜 공릉점,3.8,10,15,https://place.map.kakao.com/26418668,서울 노원구 동일로192길 5 2층,"해물,생선"
에이엔,5.0,3,19,https://place.map.kakao.com/1105006417,서울 노원구 동일로195길 7,"초밥,롤"
태릉수산,2.3,3,7,https://place.map.kakao.com/16417877,서울 노원구 섬밭로 54,회
찬이네곱창,5.0,3,16,https://place.map.kakao.com/1064474316,서울 노원구 공릉로51길 7,"곱창,막창"
오스테리아 잭팟,3.6,8,33,https://place.map.kakao.com/110604231,서울 노원구 화랑로53길 14 1층,양식
버거킹 화랑대역점,3.0,5,4,https://place.map.kakao.com/335629825,서울 노원구 노원로 3,패스트푸드
수돈재 공릉점,3.7,9,8,https://place.map.kakao.com/1472202260,서울 노원구 동일로192길 5 1층,"육류,고기"
동아맨숀,3.0,5,31,https://place.map.kakao.com/1433960184,서울 노원구 동일로184길 57,술집
써브웨이 공릉점,3.3,15,8,https://place.map.kakao.com/19658550,서울 노원구 공릉로 207,샌드위치
프린트카페 서울과기대점,0.0,0,0,https://place.map.kakao.com/1703681437,서울 노원구 공릉로 231,카페
오늘의파스타,4.4,19,25,https://place.map.kakao.com/1244697705,서울 노원구 공릉로 118 1층,이탈리안
